date,revenue,expenses,orders
2026-06-01,2144.71,1508.93,96
2026-06-02,2467.48,1692.86,119
2026-06-03,2455.37,1676.29,110
2026-06-04,2459.56,1713.61,103
2026-06-05,3046.06,2033.53,141
2026-06-06,2873.2,1946.24,119
2026-06-07,2519.17,1723.29,109
2026-06-08,2150.67,1502.52,93
2026-06-09,2639.59,1781.33,115
2026-06-10,2566.35,1811.92,121
2026-06-11,2600.92,1670.5,134
2026-06-12,2955.53,1910.99,125
2026-06-13,3091.47,1965.89,131
2026-06-14,2371.71,1642.12,107
2026-06-15,2287.11,1658.09,98
2026-06-16,2490.09,1759.95,108
2026-06-17,2348.96,1585.2,107
2026-06-18,2460.43,1680.33,97
2026-06-19,2755.52,1786.17,118
2026-06-20,3000.64,2035.76,128
2026-06-21,2513.16,1720.79,121
2026-06-22,2079.75,1551.36,100
2026-06-23,2327.09,1640.9,105
2026-06-24,2408.55,1709.44,95
2026-06-25,2400.6,1621.68,110
2026-06-26,2704.14,1900.98,124
2026-06-27,2814.84,1948.76,130
2026-06-28,2338.92,1500.9,110
2026-06-29,2140.12,1547.57,89
2026-06-30,2428.03,1697.99,107
2026-07-01,2593.27,1834.77,114
2026-07-02,2376.44,1714.04,104
2026-07-03,3186.87,2102.55,128
2026-07-04,3038.21,2132.91,134
2026-07-05,2538.71,1662.69,114
2026-07-06,2591.06,1828.14,111
2026-07-07,2371.79,1697.97,102
2026-07-08,2612.33,1738.99,116
2026-07-09,2901.33,1870.89,132
2026-07-10,3408.82,2197.71,155
2026-07-11,3262.02,2059.84,143
2026-07-12,2561.42,1816.36,114
2026-07-13,2756.88,1883.51,114
2026-07-14,2529.26,1727.84,111
2026-07-15,2877.42,1813.69,121
2026-07-16,2717.47,1949.13,116
2026-07-17,3153.16,2049.26,150
2026-07-18,3139.66,2064.79,126
2026-07-19,2497.66,1741.12,121
2026-07-20,2294.94,1623.45,98
2026-07-21,2697.13,1827.3,127
2026-07-22,2558.86,1789.15,111
2026-07-23,2404.73,1745.99,106
2026-07-24,3058.45,2121.92,132
2026-07-25,3003.71,2152.77,132
2026-07-26,2440.77,1694.67,101
2026-07-27,2299.94,1644.32,96
2026-07-28,2437.27,1564.01,107
2026-07-29,2546.61,1703.54,108
2026-07-30,2617.46,1716.13,113
2026-07-31,3065.94,1933.11,133
2026-08-01,3124.27,2017.42,135
2026-08-02,2702.58,1793.01,118
2026-08-03,2588.43,1719.63,113
2026-08-04,2718.45,2000.95,134
2026-08-05,2837.2,1887.39,127
2026-08-06,3015.01,2007.81,120
2026-08-07,3326.35,2207.29,152
2026-08-08,3326.11,2186.99,150
2026-08-09,2884.29,1787.85,116
2026-08-10,2623.2,1910.99,123
2026-08-11,2914.88,2173.88,136
2026-08-12,1836.36,1310.11,80
2026-08-13,2957.04,2066.27,133
2026-08-14,3241.91,2105.02,135
2026-08-15,3469.36,2125.86,154
2026-08-16,2990.75,2893.97,129
2026-08-17,2611.34,1695.54,122
2026-08-18,2776.69,1910.17,120
2026-08-19,2685.83,1743.43,125
2026-08-20,2577.02,1808.17,131
2026-08-21,4399.93,2815.45,181
2026-08-22,3209.84,2187.6,146
2026-08-23,2559.99,1706.39,105
2026-08-24,2544.43,1779.0,96
2026-08-25,2624.66,1833.24,115
2026-08-26,2600.84,1938.6,107
2026-08-27,2465.1,1672.47,107
2026-08-28,3268.31,2055.86,165
2026-08-29,2967.93,1977.06,133
